	Word	Count
1	reprehenderit	95
2	Reprehenderit	31
3	cybersecurity	5
4	teneturDolore	4
5	Uncategorized	4
6	autLaudantium	3
7	consequaturEt	2
8	vitaeRepellat	2
9	blanditiisAut	1
10	accusamusSint	1
11	velVoluptatem	1
12	optioPorroSed	1
13	solutaTempora	1
14	molestiasQuia	1
15	animiExpedita	1
16	veniamLaborum	1
17	voluptatemAut	1
18	nesciuntCulpa	1
19	omnisRepellat	1
20	possimusMinus	1
21	isteMolestiae	1
22	nostrumLabore	1
23	dictaPossimus	1
24	fugitQuisquam	1
25	voluptasMagni	1
26	explicaboIure	1
27	officiaDolore	1
28	laboreDolores	1
29	cupiditateSit	1
30	inConsequatur	1
31	voluptatemSit	1
32	nostrumMagnam	1
33	vertraulichen	1
34	HackingPython	1
35	ducimusSoluta	1
36	errorQuisquam	1
37	eumVoluptates	1
38	molestiasSint	1
39	culpaIncidunt	1
40	sitReiciendis	1
41	PageAssumenda	1
42	quiArchitecto	1
43	maioresMinima	1
44	quasCommodiId	1
45	providentSunt	1
46	enimMaioresAd	1
47	etDelenitiVel	1
48	sapienteSaepe	1
49	PageProvident	1
50	modiAccusamus	1
51	laboreQuaerat	1
52	quiAspernatur	1
53	adipisciDolor	1
54	fugiatDebitis	1
55	repellatAtque	1
56	inventoreQuae	1
57	recusandaeEst	1
58	inciduntAutem	1
59	PageQuibusdam	1
60	impeditBeatae	1
61	molestiaeFuga	1
62	quamVeritatis	1
63	aspernaturEum	1
64	similiqueQuis	1
65	autArchitecto	1
66	estTemporibus	1
67	molestiaeQuis	1
68	teneturVeniam	1
69	eaqueIncidunt	1
70	reiciendisEum	1
71	cumAspernatur	1
72	blanditiisEum	1
73	undeInventore	1
74	vitaePariatur	1
